Field number,Magnitude 7,Magnitude 10,Magnitude 13,SD 7,SD 10,SD 13
Zemax/Field1.tsv,0.217562,0.255749,0.720958,0.0669995,0.0670301,0.385649,
